zrBrl2iQUr,No,No,No,,,,
zpayaLaUhL,No,No,No,,,,
zeGXjQYhXz,No,No,No,,,,
zdMislOLTv,No,No,No,,,,
zaBPb6Pu21,No,No,No,,,,
zWGDn1AmRH,No,No,No,,,,
zVi11zjaPe,No,No,No,No,,,
zSUOfRVl28,No,No,No,No,,,
zM3mlyflTt,No,No,No,No,,,
zLAHDHhgLa,No,No,Yes,,,,
zIgc1Qeceh,No,No,No,,,,
zIb2DlqBxm,No,No,No,,,,
zEJFYWWmbG,No,No,No,,,,
zByqDt16qZ,No,No,No,,,,
z9l6nHpTyT,No,No,No,,,,
z9CqYTwOiO,No,No,No,,,,
z8gM4ZfK8l,No,No,No,,,,
z69tlSxAwf,No,No,No,No,,,
z2JVmJ6Tlq,No,No,No,,,,
z1RYLqEpuP,No,No,No,,,,
ytQFU2XsBR,No,No,No,No,,,
yjqgHcTLnP,No,No,No,,,,
ybc9V6Cbq2,No,No,No,,,,
yXYJPAlLqn,No,No,No,,,,
yXVLsdvyg9,No,No,No,No,,,
yVoLLzLwdp,No,No,No,,,,
yThuxNysaJ,No,No,No,,,,
yO4cAfFjlp,No,No,No,,,,
yKLUvxMCQ3,No,No,No,,,,
yF3lSXb82y,No,No,No,,,,
yE44WcphJY,No,No,No,,,,
yDeIWA7ICp,No,No,No,,,,
yBd2UREDNL,No,No,No,,,,
yB8cQIICqe,No,No,Yes,,,,
yAZSZob2dN,No,No,No,,,,
y8ebFPsyET,No,No,No,,,,
y6Ej5BZkrR,No,No,No,,,,
y5ctUSk99X,No,No,No,,,,
y5UTUcTQU5,No,No,No,,,,
y34lg6q50A,No,No,No,,,,
y2V6YgLaW7,No,No,No,No,,,
y0P5KXN5X1,No,No,No,,,,
xzveggFhiQ,No,No,No,,,,
xyvTFX7hDs,No,No,No,,,,
xxTtwEuOpS,No,No,No,,,,
xp4wEivhM9,No,No,No,,,,
xozJw0kZXF,No,No,No,,,,
xn8NKZosDV,No,No,No,,,,
xlg5jVmPSg,No,No,No,,,,
xhqICRykZk,No,No,No,,,,
xfTQmGPPtQ,No,No,No,,,,
xeecFHJ4d4,No,No,No,,,,
xbnNgqGefc,No,No,No,,,,
xarWXEhhdy,No,No,No,No,,,
xapBkUt0yf,No,No,No,,,,
xX2KjzdFPH,No,No,No,No,,,
xVMV2IYbWH,No,No,No,,,,
xQbFsx8usC,No,No,No,,,,
xOyBEJq0O8,No,No,No,No,,,
xNzu8DivUj,No,No,No,,,,
xMudYCcBum,No,No,No,,,,
xL8SLt02mt,No,No,No,,,,
xKRg5dfWyv,No,No,No,,,,
xJ3O94DnMZ,No,No,No,,,,
xF6ORNff2k,No,No,No,,,,
xDfyOL1unK,No,No,No,,,,
xCXlOmGimw,No,No,No,,,,
x9BmfezTvD,No,No,No,,,,
x7zquRQfoB,No,No,No,,,,
x6aiktiAl8,Yes,No,No,No,,,
x3e1zQ1ub1,No,No,No,,,,
x32rlkzM69,No,No,No,,,,
x2W2dKdNI8,No,No,No,,,,
wwm55qcNdK,No,No,No,,,,
wtqb7pNL4e,Yes,No,No,,,,
wrBIS6FOfV,No,No,No,,,,
wpsbUYi9nN,No,No,No,,,,
wpjRa3d9OJ,No,No,No,,,,
wnE8wDd61Z,No,No,No,,,,
wirDXDQwYZ,No,No,No,,,,
wiI8ycNfgJ,No,No,No,No,,,
wcqBfk4jv6,No,No,No,,,,
wcgfB88Slx,No,No,No,,,,
wZmgpJMdb3,No,No,No,,,,
wZKRStVJJe,No,No,Yes,,,,
wYdA8CF94e,No,No,No,,,,
wWT51dSyBj,No,No,No,,,,
wWFWwyXElN,No,No,No,,,,
wV44qtTJ61,No,No,No,,,,
wRwbv3aWzN,No,No,No,,,,
wKqdk1sOMY,No,No,No,,,,
wFaBjgGqaL,No,No,No,,,,
wFILOtxmxU,No,No,No,,,,
wDfXP6uAkR,No,No,No,,,,
w8LoOWsbU7,No,No,No,,,,
w4YwLzuD29,No,No,No,,,,
w4FwmICSHZ,No,No,No,,,,
w3hL7wFgb3,No,No,No,No,,,
vvnUi75U9i,No,No,No,,,,
vuabr8zbCq,No,No,No,,,,
vtqfPW6OSm,No,No,No,,,,
vtC3sLXjDY,No,Yes,No,,,,
vscmppXqXE,No,No,No,,,,
vq4BnrPyPb,No,No,No,No,,,
vpkEJM9qYR,No,No,No,,,,
vooJHgn1Gm,No,No,No,,,,
voBhcwDyPt,No,No,No,,,,
vkEYzLIdLX,No,No,No,,,,
vjTnfxbkaL,No,No,No,,,,
vgg3dKoyDH,No,No,No,,,,
vgaJRhYVje,No,No,No,,,,
vg55TCMjbC,No,No,No,,,,
vexCLJO7vo,No,No,No,,,,
vdLFYqupHA,No,No,No,,,,
vaKgq549Dy,No,No,No,,,,
va7nzRsbA4,No,No,No,,,,
vWy66avGPR,No,No,No,,,,
vWol8k64op,No,No,Yes,No,,,
vW3TFDUKWl,No,No,No,,,,
vVrwnY76W1,Yes,No,No,,,,
vVdRgpC1Oh,No,No,No,,,,
vU0KbvQ91x,No,No,No,No,No,No,
vR1yERC0Wd,No,No,No,,,,
vOX7Dfwo3v,No,No,No,,,,
vMpmabFTFw,No,No,No,No,,,
vLoSutEAJM,No,No,No,,,,
vDvFT7IX4O,No,No,No,No,,,
vBZ5eBdrgH,No,No,No,,,,
v9CVjuNlDI,No,No,No,No,,,
v8fRIzqeob,No,No,No,,,,
v7JgI9dny2,No,No,No,,,,
v6iM1bO78t,No,No,No,,,,
v6hcCtzAWz,No,No,No,,,,
v6VbokqzvP,No,No,No,,,,
v2wbkddf52,No,No,No,,,,
v15z3FzZGu,No,No,No,No,,,
uz89EXE540,No,No,No,,,,
uz4OrlHDA8,No,No,No,,,,
uyl1O2LkAF,No,No,No,,,,
uyUO80sbm0,No,No,No,,,,
uxzlH5bLrJ,No,No,No,No,,,
ux826WlJtt,No,No,No,,,,
uvbbsn4l6y,No,No,No,,,,
uuUQraD4XX,No,No,No,No,,,
uu6Oq7MN7g,No,No,No,,,,
usnEi3Bfnt,No,No,No,,,,
us7p0VsOhl,No,No,No,No,,,
up8EYzyrKV,No,No,No,No,,,
unKIy4mpnn,No,No,No,,,,
ulqYwmcUnL,No,No,No,,,,
ul47tFdRn6,No,No,No,,,,
uhVJ3SLq80,No,No,No,No,,,
uh5euNmL7t,No,No,No,,,,
ufu4C0bTwB,No,No,No,,,,
uemYdRTVvP,No,No,No,,,,
udl5f2seyU,No,No,No,,,,
udiNCxGKLl,No,No,No,,,,
uckh15CSS1,No,No,No,,,,
ubXaboYnzN,No,No,No,,,,
uaZQ21cuzW,No,No,No,,,,
uZp3i8yEs4,No,No,No,,,,
uUvlXyriM7,No,No,No,,,,
uRIFDS3gtG,No,No,No,,,,
uQfyuhhHBq,No,No,No,,,,
uPz5a2NvrG,Yes,No,No,,,,
uEAFmlWYig,No,No,No,No,No,,
uDMyRJw6ty,No,No,No,,,,
uBnIvIcAFx,No,No,No,,,,
uB9ZnBCBX6,No,No,No,,,,
u9gI4JlOSj,No,No,No,,,,
u9Fvsy8Brx,No,No,No,,,,
u69aCtohTC,No,No,No,No,,,
u14dVx4rMW,No,No,No,,,,
u03xn1COsO,No,No,No,No,,,
tueh30tKiv,No,No,No,No,,,
tquKyw04gE,No,No,No,,,,
toUPGCAMic,No,No,No,,,,
tm5UxNFrlD,No,No,No,,,,
tkY0l8mHii,No,No,No,,,,
tfHJ9uLNlR,No,No,No,,,,
te3pXuiVk3,No,No,No,,,,
tbRPPWDy76,No,No,No,,,,
tbHe97ENFD,No,No,No,No,,,
tauoKi9IWO,No,No,No,No,No,,
taXJRZs43y,No,Yes,No,No,,,
tZXaHWfsXB,No,No,No,No,,,
tSfZo6nSN1,No,No,No,,,,
tRYqTsaSyZ,No,No,No,,,,
tQOncmMEVO,No,No,No,,,,
tPJDg5G9SR,No,No,No,,,,
tNN3ToWzCM,No,No,No,No,,,
tL7hS11keH,No,No,No,No,,,
tJt1v8eugw,No,No,No,,,,
tEN5ONyUre,No,No,No,,,,
tCGyM6CpRI,No,No,No,,,,
tCEtFcrq8n,No,No,No,,,,
tBtc4Ousge,No,No,No,,,,
t6p5LtTlqr,No,No,No,No,,,
t42YUsyv3d,No,No,No,,,,
t035Emm4Vt,No,No,No,,,,
syj9VaxutQ,No,Yes,No,,,,
sxJU7X2ZG0,No,No,No,,,,
svUOik2Xu1,No,No,No,,,,
svSNikfCs1,No,No,No,,,,
sthusQGkef,No,No,No,,,,
st5RaWdLTn,Yes,No,No,No,,,
sriK75T3kd,No,No,No,,,,
siiVduxdRz,No,No,No,,,,
sfkpJxeDzk,No,No,No,,,,
se0YmUUfPs,No,No,No,No,,,
sdC55K8cP0,No,No,No,,,,
scAXKWMJR3,No,No,No,,,,
sbuO0s1r71,No,No,No,,,,
sbLFUT4DaG,No,No,No,,,,
sZGAxcUcNU,No,No,No,,,,
sZEAMUizsd,No,No,No,No,No,,
sYYRTVaG3n,No,No,No,,,,
sXErPfdA7Q,No,No,Yes,,,,
sX4yqbYlRm,No,No,No,,,,
sVSeGRCZT8,No,No,No,,,,
sTeoqvTH2j,No,No,No,No,,,
sS02W7Sloj,No,No,No,,,,
sRHVpB7GE6,No,No,No,,,,
sQ1iTreITk,No,No,No,,,,
sPpft5DQJN,No,No,No,,,,
sPB354cbmL,No,No,No,,,,
sOngusZCsN,No,No,No,,,,
sOTbFCUrDj,No,No,No,,,,
sM9NTLjsUh,No,No,No,,,,
sKdsBUAnts,No,No,No,,,,
sJb43ykK3o,No,No,No,,,,
sJUCMYtgIK,No,No,Yes,,,,
sGrYJQZMQo,No,No,No,No,,,
sFtyaTTtap,No,No,No,,,,
sEvU6r8e7N,No,No,No,,,,
sCxiD2Rx4l,No,No,No,,,,
sCu26OfxxZ,No,No,No,,,,
sCtJmxhvJe,No,No,No,,,,
s7Vh8OIIm6,No,No,No,,,,
s4xIeYimGQ,No,No,No,,,,
s1Lrw1HTcT,No,No,No,,,,
rzdqmUFVnv,No,No,No,,,,
rzW3RouIXc,No,No,No,,,,
rwpv2kCt4X,No,No,No,,,,
rwcTxeSsVI,No,No,No,,,,
rwcLHjtUmn,No,No,No,,,,
rwHOXIBFwq,No,No,No,,,,
rs78DlnUB8,No,No,No,,,,
rq4UfmpRA9,No,No,No,,,,
rn7Fn3CV7b,No,No,No,No,,,
rmhSMGjWPp,No,No,No,,,,
rjd8AqRyW3,No,No,No,,,,
rjDaTBwEBX,No,No,No,,,,
rhGh8jLOPd,No,No,No,,,,
rgos321qpD,No,No,No,,,,
rgKfPzAF2j,No,No,No,No,,,
rd0C4kD0o4,No,No,No,No,,,
rbaK24KnIO,No,No,No,,,,
rXn9WO4M2p,No,No,No,,,,
rVsnAmxnR9,No,No,No,,,,
rTAIgZe3wo,No,No,No,,,,
rRwPzcSFeL,No,No,No,,,,
rQJAaOh4nr,No,No,No,,,,
rMLnxh4oT5,No,No,No,No,,,
rLx2eDYcMK,No,No,No,,,,
rKjzOYrXKd,No,No,No,,,,
rJhk7Fpnvh,No,No,No,,,,
rJXYb7D4ck,No,No,No,,,,
rIc17Kziiq,No,No,No,,,,
rI7ebWPRLr,No,No,No,,,,
rHjZFQvj9k,No,No,No,,,,
rG3QZA7JXV,No,No,No,,,,
rDuv0LGf3T,No,No,No,,,,
rBrzSCruKl,No,No,No,,,,
rBfVlElyVW,No,No,No,No,,,
r65IWQmsHF,No,No,No,,,,
r3utB5u4zP,No,No,No,,,,
r2z3qPltxs,No,No,No,,,,
qzYtTabDPY,No,No,No,,,,
qyvabTsnWg,No,No,No,,,,
qvftjm8DNC,No,No,No,,,,
qtZI5YDe5d,No,No,No,,,,
qq6ctdUwCX,No,No,No,,,,
qo17ZiVnH2,No,No,No,,,,
qnO9IRNA9d,No,No,No,,,,
qnHB2SMQLA,No,No,No,,,,
qlwXv0oHJD,No,No,No,,,,
qlCtkvgQJH,No,No,No,,,,
qiV0mvkVyq,No,No,No,,,,
qhwYFIrSm7,No,No,No,,,,
qegD54EWAl,No,No,No,,,,
qae0FlfrG6,No,No,No,,,,
qZwsO1Qi3V,No,No,No,,,,
qWbCkbBN1P,No,No,No,,,,
qT4bw58Yl2,No,No,No,,,,
qS1ip2dGH0,No,No,No,,,,
qRg3AxBDnN,No,No,No,No,,,
qRbhKhqp0b,No,No,No,,,,
qPfQq8c3kv,No,No,No,,,,
qPIV6XQizX,No,No,No,,,,
qOOQW9DcpF,No,No,No,,,,
qMSG8S7zh0,No,No,No,No,,,
qJqJXpysnh,No,No,No,No,,,
qGr17uesSx,No,No,No,No,,,
qE5vtBMbCJ,No,No,No,,,,
qDspFDJEHP,No,No,No,,,,
q8aTDcIXnO,No,No,No,,,,
q88QSsc75T,No,No,No,No,No,No,No
q7IvUsjEkb,No,No,No,,,,
q4oWkMHkQx,No,No,No,,,,
q0c1JTukWE,No,No,No,,,,
q09vTY1Cqh,No,No,No,,,,
pyjppDCsq7,No,No,No,,,,
pxscU6TidP,No,No,No,,,,
pvEkYbUPVW,No,No,No,,,,
puMfaHb1hY,No,No,No,,,,
puLH3BEl93,No,No,No,,,,
ptcFuwr4YD,No,No,No,,,,
psv7operF8,No,No,No,,,,
ppb7gyhc7k,No,No,No,,,,
ppaIkXurvg,No,No,No,,,,
pnnab961TD,No,No,No,,,,
pkZcvEYZEm,No,No,No,,,,
pk0OZZkYMP,No,No,No,,,,
piC2Dm47U1,No,No,No,No,,,
pi764D1Xrx,No,No,No,,,,
phJtMADSdy,No,No,No,,,,
pgEIr2HY2E,No,No,No,No,,,
pfeod9GPAw,No,No,No,No,,,
paUJOst3OE,No,No,No,,,,
pYRCUypbuq,No,No,No,No,,,
pW6xXXnCQu,No,No,No,,,,
pQFgViJp77,No,No,No,,,,
pPiJykFn0K,No,No,No,,,,
pO7YD7PADN,No,No,No,,,,
pMCRGmB7Rv,No,No,No,,,,
pJwlMI7AYm,No,No,No,,,,
pHwLbEkB0J,No,No,No,,,,
pHrNmdzX2C,No,No,No,,,,
pGlnFVmI4x,No,No,No,,,,
pFTBsdZ1UM,No,No,No,,,,
p2P1Q4FpEB,No,No,No,No,,,
p0GyMJugcE,No,No,No,,,,
oxZKOzePQX,No,No,No,,,,
owc65ImkyU,No,No,No,,,,
ovkb6woHvT,No,No,No,,,,
ouiQX2XWYc,No,No,No,,,,
oueo4cEgSJ,Yes,No,No,No,,,
osox1GoFLS,No,No,No,,,,
oseYM8qxW4,No,No,No,,,,
orefzVRWqV,No,No,No,,,,
orSVYeobMr,No,No,No,,,,
oqqmjw1BD1,No,No,No,,,,
onr6HrKxn0,No,No,No,,,,
on3Wo4VODO,No,No,No,,,,
olzuxDCxMZ,No,No,No,,,,
olEEp3Phda,No,No,No,No,,,
okV4KG4kMg,No,Yes,No,,,,
ojgwuBVokp,No,No,No,,,,
ogh9vskMDH,No,No,No,,,,
oeZiXoCHgq,No,No,No,,,,
odPKQiL2X8,No,No,No,,,,
oaNa4rNIpU,No,No,No,,,,
oYs7h2dE2e,No,No,No,,,,
oYRlrDN6uj,No,No,No,,,,
oVJXUvXT9b,No,No,No,,,,
oVAod8GRI9,No,No,No,,,,
oTtA9uIlR8,No,No,No,,,,
oSYifZI06H,No,No,No,,,,
oOKU31j9Q6,No,No,No,,,,
oEsuNpkA8d,No,No,No,,,,
oEsYs3WRc3,No,No,No,,,,
oC5e8mAKAP,No,No,No,No,,,
o9wco8bIVN,No,No,No,,,,
o7SWorg8EM,No,No,No,,,,
o7Cpy0nZZb,No,No,No,,,,
o6D5yTpK8w,No,No,No,,,,
o5bOK5a9qz,No,No,No,No,,,
o5LeRFe7VS,No,No,No,,,,
o2HBfgY20b,No,No,No,No,,,
nwTqq0XW3w,No,No,No,,,,
nw6JxagUNG,No,No,No,,,,
nucyYJZS5z,No,No,No,,,,
nuPp6jdCgg,No,No,No,,,,
nuLtpgr9l5,No,No,No,,,,
nsupkM0ppH,No,No,No,No,,,
noUf45O1PX,No,No,No,,,,
noPuQXVx8Y,No,No,No,No,,,
noIvPGG8P1,No,No,No,,,,
noEKNSB8Zq,No,No,No,,,,
nntsSuRSPb,No,No,No,,,,
nmnPI4eNuh,No,No,No,,,,
nmSvzxwfRZ,No,No,No,,,,
newk6aDMRi,No,No,No,,,,
neRWI1hWyO,No,No,No,No,,,
nYgu408UIo,No,No,No,,,,
nYbOG9EaxD,No,No,Yes,,,,
nWXMv949ZH,No,No,No,No,,,
nTKRAgssvX,No,No,No,,,,
nT4S0wgrwp,No,No,Yes,No,,,
nSPsxWVe4k,No,No,No,,,,
nRB8VpeM7b,No,No,No,,,,
nPzrjWrtlz,No,No,No,,,,
nMjktU5AiP,No,No,No,,,,
nIuJXuSdhn,No,No,No,,,,
nIp7wkMeMP,No,No,No,,,,
nI0X5IZOQA,No,No,No,No,,,
nGFQ7IqOyg,No,No,No,,,,
nGCwDjinT8,No,No,No,,,,
nFagtplIb8,No,No,No,No,,,
nE9aUYqz6k,No,No,No,,,,
nC8WUrpWjG,No,No,No,,,,
nC47EZVfAw,No,No,No,No,,,
n9y4IDFcCr,No,No,No,,,,
n6qiOfZVYp,No,No,No,No,,,
n20PghmZaD,No,No,No,,,,
n1Sx9ZjJRs,No,No,No,,,,
mx0ltXW10S,No,No,No,,,,
mvtjk1mlrq,No,No,No,No,,,
muTWDq9bVs,No,No,No,,,,
mrD5HN7ZNR,No,No,No,,,,
mrARDvuKi2,No,No,No,,,,
mqnK19Dm80,No,No,No,,,,
mpL9ikuYez,No,No,No,,,,
mnzjuOhkR2,No,No,No,,,,
mmlQICRJMc,No,No,No,,,,
mkEkfHveEL,No,No,No,,,,
mb35Pb69e8,No,No,No,,,,
mYniPxMGLL,No,No,No,No,,,
mW5M8qkAxt,No,No,No,,,,
mU6C04mAJk,Yes,No,No,,,,
mTiHLHu3sP,No,No,No,,,,
mRETTyZEJa,No,No,No,,,,
mQxqo1di63,No,No,No,,,,
mPaNp1eglz,No,No,No,,,,
mNMwIwydgr,No,No,No,,,,
mN62FSvZVW,No,No,No,,,,
mLlJavL0PB,No,No,No,,,,
mLJOMUwQyz,No,No,No,,,,
mKuH13Oq3x,No,No,No,,,,
mJCXoiIeJU,No,No,No,,,,
mIsrzEjeG4,No,No,No,,,,
mGEfAu17Rk,No,No,No,,,,
mERmlOPxPY,No,No,No,,,,
mDgLGrL6ze,No,No,No,,,,
mDPUF7ubAv,No,No,No,,,,
mCnBRLJuhY,No,No,No,,,,
mAxs9qiXbo,No,No,No,,,,
m1TV5K9Cvc,No,No,No,,,,
ls4Pfsl2jZ,No,No,No,,,,
lqe06F5OiU,No,No,No,No,,,
lpyU0zyEsS,No,No,No,,,,
lojtRAQOls,No,No,No,,,,
llv2GnH5bD,No,No,No,,,,
ljsGKc8cVR,No,No,No,,,,
ljjy0Sw5sx,No,No,No,,,,
lhSLoOYLDv,No,No,No,No,,,
ldtjC7TSJ5,No,No,No,,,,
ldbYAF0ad0,No,No,No,,,,
lbtVebcVny,No,No,No,,,,
lWlBAJTFOm,No,No,No,,,,
lVat423gKI,No,No,No,,,,
lReh4LaP8f,No,No,No,,,,
lOPMuJSVz8,No,No,No,,,,
lKi1myznJe,No,No,No,,,,
lKPReKSJio,No,Yes,No,,,,
lCy3RwscMn,No,No,No,,,,
lC4vFCM2VA,No,No,No,No,,,
lBAc5JgyMI,No,No,No,,,,
l4eviuXtBd,No,No,No,,,,
kyHwalUpPu,Yes,No,No,,,,
kuwz9k061u,No,No,No,,,,
kuYRp78Qnp,No,No,No,,,,
ktzudN7JmJ,No,No,No,,,,
kspXkK9PtA,No,No,No,No,,,
kqm0SOisFq,No,No,No,,,,
kp1U6wBPXq,No,No,No,,,,
kj4MRgh2K5,No,No,No,,,,
kgxtMJHe7w,No,No,No,,,,
kdjSXbypKX,No,No,No,,,,
kda8szucLZ,No,No,No,,,,
kc2YhavobV,No,No,No,,,,
kayoyzcsTa,No,No,No,,,,
kZob2CsZXm,No,No,No,,,,
kY7lpT8z1E,No,No,No,,,,
kXHDXPubz9,No,No,No,,,,
kUNzgI1HxN,No,No,No,,,,
kQSlGF9lH6,No,No,No,,,,
kOhxudaIEj,No,No,No,,,,
kNUglj7Kq1,No,No,No,,,,
kNCHv0NZ69,No,No,No,,,,
kKX9X0tMRH,No,No,No,,,,
kKKzd8SaMy,No,No,No,,,,
kIRIjRPgfR,No,No,No,,,,
kFQrpCFanH,No,No,No,,,,
kEzI6OYXV4,No,No,No,,,,
kEhBOEsXXx,No,No,No,No,,,
kEflZNzau4,No,No,No,No,,,
kEcDQzX3cI,No,No,No,,,,
kCzhhVMo4r,No,No,No,,,,
k95cAni5Hk,No,No,No,,,,
k8rxolXsPE,No,No,No,,,,
k4QqDDoRyI,No,No,No,,,,
k3i6PKlKY8,No,No,No,,,,
k2VHhq2LH9,No,No,No,,,,
jxgz7FEqWq,No,No,No,,,,
jw1iZfW5zN,No,No,No,,,,
jvTV8vSa3X,No,No,No,,,,
jvNVmkGxiU,No,No,No,,,,
juUEOaH7bK,No,No,No,,,,
jsmV1WxXyb,No,No,No,,,,
jqbhtSDPz7,No,No,No,,,,
jqOymNqzuB,No,No,No,No,,,
jqOIacThP3,No,No,No,,,,
jph8GlHueb,No,No,No,,,,
jp80nsryCF,No,No,No,,,,
jmopGajkFY,No,No,No,No,,,
jkI9KGEFQz,No,No,No,,,,
jjSOGqLT2X,No,No,No,,,,
jhdVt7rC8k,No,No,No,,,,
jg2WCVrjhS,No,No,No,No,,,
jfaJdk29k4,No,No,No,,,,
jcx5YIN3Sd,No,Yes,No,,,,
jcqBLHFcYA,No,Yes,No,,,,
jbicunmyXh,Yes,No,No,No,,,
jZXjHnzPyk,No,No,Yes,,,,
jWqkEB3wJP,No,No,No,,,,
jWL2GhQw5D,No,No,No,No,,,
jVa7tFQw9N,No,No,No,No,,,
jUrRIcedTN,No,No,No,,,,
jUkDEaE0fK,No,No,No,,,,
jUgBvYwc50,No,No,No,,,,
jTiJPDv82w,No,No,No,,,,
jSu7hAIZM0,No,No,No,,,,
jQozdfjJSZ,No,No,No,,,,
jQcShOpcfM,No,No,No,,,,
jPrl18r4RA,No,No,No,No,,,
jMwvnqKTBG,No,No,No,,,,
jLmSsybvkR,No,No,No,,,,
jLEnVo0RW3,No,No,No,,,,
jImeNRfAy2,No,No,No,,,,
jAf0gd0ez4,No,No,No,,,,
j9e3WVc49w,No,No,No,,,,
j9E9xLlTmB,No,No,No,,,,
j6g3qwoQKU,No,No,No,,,,
j61Sx05QRj,No,No,No,,,,
j48JCRagwR,No,No,No,,,,
j2bP0STpw7,No,No,No,,,,
iytcEQ5I5v,No,No,No,,,,
ix6h7Bkq62,No,No,No,,,,
iw4zUlc5OF,No,No,No,,,,
ivSJdhcuTi,No,No,No,,,,
islVqaCzfa,No,No,No,,,,
inN4TdboJX,No,No,No,,,,
in5xvBrMHv,No,No,No,,,,
ilCMZV0Qdl,No,No,No,,,,
iipuAqcPGL,No,No,No,,,,
iiWP7khhwP,No,No,No,,,,
ii9ZoryPH2,No,No,No,,,,
ifuvyCdLro,No,No,No,,,,
iaxdEnxgju,No,No,No,,,,
iammae3CbG,No,No,No,No,,,
iWVpissNEP,No,No,No,,,,
iVINvItqhb,No,No,No,,,,
iRIj0OvFG1,No,No,No,,,,
iRISsJCzTA,No,No,No,,,,
iO5YOddOyG,No,No,No,,,,
iMnwXQemEr,No,No,No,,,,
iLTNcB3601,No,No,No,,,,
iIpnncYQZb,No,No,No,,,,
iIoHir5Hyg,No,No,No,,,,
iHb4MOMyOd,No,No,No,,,,
iEACF99lQz,No,No,No,,,,
iDZQG9aUGH,No,No,No,No,,,
iDQBP0cvzX,No,No,No,,,,
iDBUssVu5Z,No,No,No,,,,
iCNoSVJl2y,No,No,No,,,,
iCLJHkE5s1,No,No,No,,,,
iBv0M8WrFi,No,No,No,No,,,
iAeDYlEXrM,No,No,No,,,,
i7ifZu49kW,No,No,No,,,,
i65hZUPwuQ,No,No,No,,,,
i1KSRMVlST,No,No,No,,,,
i17SCD0YDI,No,No,No,,,,
i0vMIpaEn4,No,No,No,,,,
i0RfSS9CUU,No,No,No,,,,
hyBwGem8OS,No,No,No,,,,
hxExXDMwcc,Yes,No,No,,,,
hv3VpXDIh8,No,No,No,,,,
htulPWUheU,No,No,No,,,,
hsptWISmi6,No,No,No,,,,
hsjQHAM8MV,No,No,No,,,,
hpUNou0UaJ,No,No,No,,,,
hoO5anfnRk,No,No,No,,,,
hn0B3jTlwE,No,No,No,,,,
hmOwOZWzYE,No,No,No,,,,
hlqIu07ics,No,No,No,,,,
hl6TVdQjeh,No,No,No,,,,
hjEnagXGYV,No,No,No,,,,
hiJ2hzwghq,No,No,No,,,,
hgF8In32gL,No,No,No,,,,
hfmmVWJecp,No,No,No,,,,
hfZKiBh4zS,No,No,No,,,,
hdxMdgKddK,No,No,No,No,,,
hcDE6sOEfu,No,No,No,,,,
haPIkA8aOk,No,No,No,,,,
hXXyBtlo4D,No,No,No,,,,
hWNsvpWfhy,No,No,No,,,,
hUWrmo7nNh,No,No,No,,,,
hTLIAYTi5w,No,No,No,,,,
hRJZIsC9VU,No,No,No,,,,
hPr1QC623H,No,No,No,,,,
hNSbSaD1WC,No,No,No,,,,
hMqRphmoM9,No,No,No,,,,
hInB4JIQ5P,No,No,No,,,,
hGUu750pcx,No,No,No,,,,
hEglNMGeqj,No,No,No,,,,
hEWgNQF1TM,No,No,No,,,,
hDzfqmLrol,No,No,No,,,,
hCsppacsqS,No,Yes,No,,,,
hA8h2KtSv2,No,No,No,,,,
h96N32OkAx,No,No,No,,,,
h5gum6ximf,No,No,No,,,,
h4NNcIZUHT,No,No,No,,,,
h1nUUpmvpf,No,No,No,,,,
h1YhUpPKEq,No,No,No,,,,
h00GHjWDEp,No,No,No,,,,
gzRBs4gIbz,No,No,No,,,,
gybvlVXT6z,No,No,No,,,,
gslZifaE3t,No,No,No,,,,
gqkg54QNDY,No,No,No,,,,
goH9e5Vd44,No,No,No,,,,
gmVEVn0Qi5,No,No,No,,,,
glxrubmH91,No,No,No,,,,
gkQo3CoPLd,No,No,No,,,,
gjrs5oF8TC,No,No,No,,,,
ghF1EB6APx,No,No,No,,,,
ggTNeg2fem,No,No,No,,,,
gdUBK65fwn,No,No,No,No,,,
gd8TxhKoLv,No,No,No,,,,
gccSE5vDZ7,Yes,Yes,Yes,,,,
gZykO63OUh,No,No,No,,,,
gZhvtIRu7i,No,No,No,,,,
gXq1cwkUZc,No,No,No,No,,,
gWWjz9NBo9,No,No,No,,,,
gVTtkPJbRq,No,No,No,,,,
gUKVyjoQBG,No,No,No,,,,
gQeZoe2j3v,No,No,No,No,,,
gQUDsNE3Lh,No,Yes,No,,,,
gJZqSRfV21,No,No,No,,,,
gJXydPLBkt,No,No,No,,,,
gI11vXg1W4,No,No,No,,,,
gGmccVXoy2,No,No,No,,,,
gBI7thSo0X,No,No,No,,,,
gAzBhetShk,No,No,No,,,,
g8OqNaz6dY,No,No,No,,,,
g84UrdUwBA,No,No,No,,,,
g4FAvRcSuf,No,No,No,,,,
g3faCfrwm7,No,No,No,No,,,
g3VOQpuqlF,No,No,No,,,,
g1Q9Uu8lCp,No,No,No,,,,
g1LLeiHX0P,No,No,No,,,,
g0wzziJSmN,No,No,No,,,,
g04NBFnIxb,No,No,No,No,,,
fzb2sxexWN,No,No,No,,,,
fyza2OQ9NI,No,No,No,No,,,
fxotfo1j8T,No,No,No,,,,
fxdvWG4rJe,No,No,No,,,,
fwmZinFwgX,No,No,No,,,,
fwA8iKyIlk,No,No,No,,,,
fvGJOVkm0b,No,No,No,,,,
ft0c1K3492,No,No,No,,,,
fsGowIsscZ,No,No,No,,,,
fqWbXPX99P,No,No,No,No,,,
fqKoLPfCba,No,No,No,,,,
fonxcS8gqM,No,No,No,,,,
flkXLt9WKn,No,No,No,No,,,
fkmSyrSjnq,No,No,No,,,,
fkAKjbRvxj,No,No,No,No,,,
fi90p5364y,No,No,No,,,,
fhEkqMyvb0,Yes,No,No,,,,
fgQ7JQoBIM,No,No,No,,,,
feiAVaSXdb,No,No,No,,,,
fbbbbfhAxC,No,No,No,,,,
fXyoHAVffT,No,No,No,,,,
fRpif5Sflc,No,No,No,,,,
fOoZipX9z3,No,No,No,,,,
fONyQKyvsY,No,No,No,,,,
fNlSVIsbIT,No,No,No,,,,
fNi7eet4Qc,No,No,No,,,,
fM7x9Lvb9r,Yes,No,No,No,,,
fLJVvFGFEE,No,No,No,,,,
fL8AKDvELp,No,No,No,,,,
fK6N4R6TpF,No,No,No,,,,
fG6zH1LBHE,No,No,No,,,,
fEuslEGN0j,No,No,No,,,,
fCvJrponuK,No,No,No,No,,,
f7eqyX0nJP,No,No,No,,,,
f6S1411OlZ,No,No,No,,,,
f42iMss8J3,No,No,No,,,,
f34v92a86l,No,No,No,No,,,
f1y1tG5pAE,No,No,No,,,,
f10SqktqkF,No,No,No,,,,
f05z3XqUeu,No,No,No,,,,
eyuTFB2CBM,No,No,No,,,,
ewedHtUI5X,No,No,No,,,,
ev8dLLwScW,No,No,No,,,,
euYA3EmI0e,No,No,No,,,,
erorKQYQ7P,No,No,No,,,,
eiHT1VAs4K,No,No,No,,,,
eiFRPhpsW6,No,No,No,,,,
eeP1y7zPQ7,No,No,No,No,,,
edwSiVzFpU,No,No,No,,,,
ebSOK1nV2r,No,No,No,,,,
eaUi1mcvrM,No,No,No,,,,
eXV8sdO5HL,No,No,No,No,,,
eWW0KQhsHe,No,No,No,,,,
eTDs4UY52h,No,No,No,,,,
eSM4RWpuJF,No,No,No,,,,
eNu9odz1sz,No,No,No,,,,
eHqrdft1wn,No,No,No,,,,
eGNwWBfqqs,No,No,No,,,,
eFnBXtZXIH,No,Yes,No,No,,,
eEV5S2EIp9,No,No,No,,,,
eCXfUq3RDf,No,No,No,No,,,
eBUgomB8uo,No,No,No,,,,
e8wYLib8HC,No,No,No,No,,,
e8jvAr4Aaj,No,No,No,,,,
e5UzmaR8EE,No,No,No,No,,,
e4m1Gu6rVP,No,No,No,,,,
e4dXIBRQ9u,No,No,No,,,,
e3gXrvjGys,No,No,No,,,,
e3eIqCPCT9,No,No,No,,,,
e2B31gDhnj,No,No,No,,,,
dxCviFd7rj,No,Yes,No,,,,
dwj886NUqy,No,No,No,,,,
dwGKBFXiy2,No,No,No,No,,,
dvDi1Oc2y7,No,No,No,,,,
du1t38uXPA,No,No,No,No,,,
drG2ScCe4C,No,No,No,,,,
dq25TkeI1W,No,No,No,,,,
dpS5VxAwuF,No,No,No,,,,
dp9jTeKXec,No,No,No,,,,
dnQI76LKQy,Yes,No,No,,,,
dnIfD7RJLU,No,No,No,,,,
dl4e3EBz5j,No,No,No,,,,
djmjglxOZ7,No,No,No,,,,
diUHb3jt3j,No,No,No,,,,
diItUQ1idA,No,No,No,,,,
di1Foopybz,No,No,No,,,,
ddldNozhnM,No,No,No,,,,
dcYt9ByOOK,No,No,No,,,,
dbRZyDxYlL,No,No,No,,,,
daGbpBMkoy,No,No,No,,,,
dZWiI6A09u,No,No,No,,,,
dVfeS1pp2e,No,No,No,,,,
dVOXsyVcik,No,No,No,No,,,
dRlYuG3bj7,No,No,No,,,,
dQxLtay1M3,No,No,No,,,,
dJ5yzTX4rZ,No,No,No,,,,
dHHumVX2XV,No,No,No,,,,
dFvwxdSj0B,No,No,No,,,,
dFlGP1l65l,No,No,No,,,,
dABNxI5c1X,No,No,No,No,,,
d94iPelgSD,No,No,No,,,,
d0zla3M3LI,No,No,No,,,,
d0qmGnKfXa,No,No,No,,,,
d00kbjbYv2,No,No,No,No,,,
czxX6jjpVJ,No,No,No,,,,
cw6v58yo6s,No,No,No,,,,
cvRvFj3Pyv,No,No,No,No,,,
csBtifBXKo,No,No,No,,,,
crfQrbxWAK,No,No,No,,,,
cooAE3hYUC,No,No,No,,,,
cmQj1FdsOJ,No,No,No,,,,
clxLDVanxO,No,No,No,,,,
clTPP37Rpu,No,No,No,,,,
ckKuQDW2RZ,No,No,No,,,,
cjbdRN8Yxy,No,No,No,,,,
ci6cexmrmD,No,No,No,,,,
chCrhE2kl4,No,No,No,,,,
cgmlfA1sPl,No,No,No,,,,
cWw5FfVhvl,No,No,No,,,,
cVAHzYRVUO,No,No,No,,,,
cOxL1tlSQw,No,No,No,,,,
cMMxJxzYkZ,No,No,No,No,No,,
cI6oe7i5mj,No,No,No,,,,
cFsfgaEMlw,No,No,No,,,,
cFXHe1mW7V,No,No,No,,,,
cD9blNBYF2,No,No,No,,,,
cCJGuKJYG8,No,No,No,,,,
cBhzqp8WlV,No,No,No,,,,
c2xBtTNceS,No,Yes,No,,,,
c27QqxALfo,No,No,No,,,,
c0utj9Q4YY,No,No,No,,,,
bxsrykzSnq,No,No,No,,,,
bxltAqTJe2,No,No,No,,,,
bxFwIn0wZ0,No,No,No,,,,
bvl3p6JUlv,No,No,No,,,,
bt9Ho2FMxd,No,No,No,,,,
bqaW5sGZOq,No,No,No,,,,
bpArUWbkUF,Yes,No,No,,,,
bmeKrAzRqz,No,No,No,,,,
bkGVmCE3UJ,No,No,No,,,,
bgskDuMqcz,No,No,No,No,,,
bflAMCWJh8,No,No,No,,,,
bdgUPZhF9b,No,No,No,No,,,
bc2xgl7oGf,No,No,No,,,,
bZel7wM6fN,No,No,No,No,No,,
bWXIut4pNM,No,No,No,No,,,
bVO1sWgnTx,No,No,No,,,,
bSfBgrmabV,No,No,No,,,,
bQLMv4v0Gc,No,No,No,,,,
bNeDLx5O6w,No,No,No,,,,
bB32QLrpu4,Yes,No,No,,,,
b7gtyaaM2y,No,No,No,,,,
b7ZJcAkjC3,No,No,No,,,,
b6e1wV03hy,No,No,No,,,,
b6JnUJxOpN,No,No,No,,,,
b5pbHYNJnX,No,No,No,No,,,
b3lGS64ZZK,No,No,No,,,,
b1XS87j323,No,No,No,,,,
b1J3WplfgM,No,No,No,,,,
b07c10sXzN,No,No,No,No,,,
ayzVnzaUzB,No,No,No,,,,
ayoGdkXi4V,No,No,No,,,,
asYObzj0IT,No,No,No,,,,
aolJqJ50ZA,No,No,No,,,,
alxWMBcNVN,No,No,No,,,,
akJUrevmwI,No,No,No,,,,
ak6PQPmmEK,No,No,No,No,,,
ajzFrKT3U7,No,No,No,,,,
aipbZ5obaz,No,No,No,,,,
ai6kjD6cyX,No,No,No,,,,
ahVTS392C3,Yes,No,No,,,,
aeLyo8GAco,No,No,No,,,,
ae6MmBuX6k,No,No,No,,,,
adjZtG9bDM,No,No,No,,,,
adIeh9ZsfC,No,No,No,,,,
aaMwMjrDz0,No,No,No,,,,
aY4avQ0ItI,No,No,No,,,,
aXi6UwdygV,No,No,No,,,,
aVqGqTyky7,No,No,No,,,,
aVejMt2gYN,No,No,No,,,,
aUn1BAzo7q,No,No,No,,,,
aURCCzSuhc,No,No,No,No,,,
aRlH9AkiEA,No,No,No,,,,
aPZ7AjA5YV,No,No,No,,,,
aP5f7cgY1M,No,No,No,,,,
aNFWz8zubu,Yes,No,No,,,,
aN8zkE15Nx,No,No,No,No,,,
aLkknJNdl6,No,No,No,,,,
aJILUuANbs,No,No,No,,,,
aIp5EZeO3f,No,No,No,,,,
aICXDsoH3O,No,No,No,,,,
aFIx8T43LU,No,No,No,,,,
aE7feUD7o7,No,No,No,,,,
aCHq10rQiH,No,No,No,,,,
aBvwASLqMg,No,No,No,,,,
aB3Hwh4UzP,No,No,No,No,,,
a0yFO9gKc5,No,No,No,,,,
ZsuPbCxPnA,No,No,No,,,,
ZskD7TlNVZ,No,No,No,,,,
Zlm7F7g9FK,No,Yes,No,,,,
ZkR2bWvRpZ,No,No,No,,,,
ZjfclaOF7M,No,No,No,,,,
ZjWkQz9qXn,No,No,No,,,,
ZhZFUOV5hb,No,No,No,No,,,
ZgJSDBU3px,No,No,No,,,,
Ze2IIzaSF3,No,No,No,,,,
ZZ3PL3qT9f,No,No,No,,,,
ZWpJFq6RRU,No,No,No,,,,
ZVy8L79f5f,No,No,No,,,,
ZTM90jlGAm,No,No,No,,,,
ZT3yJWAsrq,Yes,No,No,,,,
ZSHcpMXWxX,No,No,No,,,,
ZQrRDCxfhW,No,Yes,No,,,,
ZQV5iRPAua,No,No,No,,,,
ZNQh02cCxt,No,No,No,,,,
ZJua8VeHCh,No,No,No,No,,,
ZJrEDp19kC,No,No,No,No,,,
ZF8Ye9xWZc,No,No,No,,,,
ZE6fN4OO18,No,No,No,,,,
ZBi4ijmOzs,No,No,No,No,No,No,
ZB66oX17CQ,No,No,No,,,,
ZAHyZ3CBds,No,No,No,,,,
Z8p4FX15fa,No,No,No,,,,
Z7O1kA3pjB,No,No,No,,,,
Z65Wq2dvxB,No,No,No,,,,
Z5VthlliRt,No,No,No,,,,
Z2JBNkaJ7k,No,No,No,,,,
Z1wGHeHBrk,No,No,No,No,,,
Yzi6LM20E2,No,No,No,,,,
Yz4VKLeZMG,No,No,No,No,,,
YvzA0hFCF3,No,No,No,,,,
Yt4QAWQJ2o,No,No,No,,,,
YokfK5VOoz,No,No,No,,,,
YoKptDpMtt,No,No,No,,,,
Ynxo6lene2,No,No,No,,,,
YllS5zEzVq,No,No,No,,,,
YivRtscaFW,No,No,No,,,,
YiITnAhKQd,No,No,No,,,,
Yg5uDwWQti,No,No,No,,,,
YbCkHTqZGn,No,No,No,,,,
YaxyQwG2TP,No,No,No,,,,
YZJ3oewPcu,No,No,No,,,,
YWbEDZh5ga,No,No,No,,,,
YTo9KGNZ3U,No,No,No,,,,
YSWLs0G5va,No,No,No,,,,
YQzgk43sFB,No,No,No,,,,
YO2VZBcinK,No,No,No,,,,
YN6FtojPxD,No,No,No,No,,,
YMlYb8cWgE,No,No,No,,,,
YKKcbwztwH,No,No,No,,,,
YJMUVwLcEi,No,No,No,,,,
YHWXlESeS8,No,No,No,,,,
YGYaxZVsJK,No,No,No,,,,
YGUUT6CkbB,No,No,No,,,,
YGK9cd0bHz,No,No,No,,,,
Y7kK2HcxDK,No,Yes,No,No,,,
Y7Wx7usMtc,Yes,No,No,,,,
Y6w2prqvjM,No,No,No,,,,
Y30NTg87od,No,No,No,,,,
Y2wUa9n7sr,No,No,No,No,No,No,No
Y28GzovPql,No,No,No,,,,
Y13EvAJlhQ,No,No,No,,,,
Y0PN9Eic8T,No,No,No,No,,,
Xyy1p1IGvn,No,No,No,,,,
Xyb8Qh6vxU,No,No,No,,,,
XySq36VD0U,No,No,No,No,,,
XySNnzF9Ir,Yes,No,No,No,,,
XtlquCY7qs,No,No,No,No,No,,
Xt1JbFofwP,No,No,No,,,,
Xqhdpk0Qrj,No,No,No,,,,
XpK2LCt8iM,No,No,No,,,,
XmS9J3Lvip,No,No,No,,,,
XlIrJUKTgS,No,No,No,No,,,
XkexLrJDss,No,No,No,,,,
XjwNxSE0v8,No,No,No,No,,,
XhR6ebeEXo,No,No,No,,,,
Xd2A31vcLd,No,No,No,,,,
XclSRY9Wp8,No,No,No,,,,
XcNXOVhNlN,No,No,No,,,,
XbcprEi57p,No,No,No,,,,
XX73vFMemG,No,No,No,,,,
XW4t7P2hpN,No,No,No,,,,
XT1hoHqs12,No,No,No,,,,
XQm8tlPKgY,No,No,No,,,,
XNnFTKCacy,No,No,No,,,,
XMpzcC9L5z,No,No,No,,,,
XLXCWNNWvL,No,No,No,,,,
XJRNw74kXK,No,No,No,,,,
XILoK6g4va,No,No,No,,,,
XIHl40UylS,No,No,No,,,,
XHftyT3k4j,No,No,No,,,,
XEwQ1fDbDN,No,No,No,,,,
XEBHsJpFY9,Yes,No,No,,,,
XB0u7RTXrV,No,No,No,,,,
X6HDI4cqWF,No,No,No,,,,
X6DrwxlMD9,No,No,No,,,,
X597Q58y1U,No,No,No,No,,,
X570XzeYSW,No,No,No,No,,,
X2R4yhtenj,No,No,No,,,,
Wz1jEwvpGO,No,No,No,,,,
Wyod73NboS,No,No,No,No,,,
Wy4adj2FUJ,No,No,No,No,No,,
WxxYSpsv97,No,No,No,,,,
WuuxbObghx,No,No,No,No,,,
Wom397PB55,No,No,No,,,,
WmpyDkTHvI,No,No,No,,,,
WkpTWlXGHC,No,No,No,,,,
WiKLXsWzBy,No,No,No,,,,
Weszm4zCzP,No,No,No,No,,,
WVs1qhIUms,No,No,No,,,,
WRYhaSrThy,No,No,No,,,,
WQamRhhbsf,No,No,No,,,,
WQR3xpEJRJ,No,No,No,,,,
WLZX3et7VT,No,No,No,,,,
WLV8cm80DB,No,No,No,No,,,
WLIFsPSq3t,No,No,No,,,,
WEHwc4hSQR,No,No,No,,,,
WCxfj3PsWb,No,No,No,,,,
WC9yjSosSA,No,No,No,No,,,
WC1jbtEwRS,No,No,No,,,,
WAhhZcaA3R,No,No,No,,,,
W76aMA1x9l,No,No,No,,,,
W6ijeWfHFU,No,No,No,No,,,
W4Vk1ufh7l,No,No,No,,,,
W4GlqAnXqv,No,No,No,No,,,
W2ka7qsx1j,No,No,No,No,,,
W1w2eovejY,No,No,No,,,,
W0WeKrnfbX,No,No,No,,,,
VyjNXY2wgi,No,No,No,,,,
VyIe1iVHZ4,No,No,No,,,,
VqGX02f2lS,No,No,No,,,,
Vp8WwRMWfv,No,No,No,,,,
VnMfQuDSgG,No,No,No,,,,
VmoWVc04KY,No,No,No,,,,
VjSxQNhdKs,No,No,No,,,,
VhL4lZXY1U,No,No,No,,,,
VgLBPLvHuK,No,No,No,,,,
VecgMidd4I,No,No,No,,,,
VeBoHwiA7g,No,No,No,,,,
VdvdRfwTtk,No,No,No,,,,
VacjehPkIU,No,No,No,,,,
VWFKRxsgt3,No,No,No,,,,
VTWWvYtF1R,No,No,No,,,,
VSBBOEUcmD,No,No,No,,,,
VQQeyiAqtv,No,No,No,No,,,
VN298kRz91,No,No,No,,,,
VLrtaSXOWP,No,No,No,,,,
VKHWtusV6H,No,No,No,,,,
VJenYElbmY,Yes,No,No,,,,
VIDDZO2f0A,No,No,No,,,,
VGb2RhMFAI,No,No,No,No,,,
VCyOXC8RfQ,No,No,No,,,,
VC2vPPetCU,No,No,No,,,,
V9xsOja2oC,No,No,No,No,,,
V76kMIJI37,No,No,No,No,,,
V49Jx2Lj04,No,No,No,,,,
V3O0NNaPNW,No,No,No,,,,
UyLaqZ6PHA,No,No,No,,,,
UxdVVhWVq2,No,No,No,,,,
Uuqv7iSNif,No,No,No,,,,
Upk6WrdJYM,No,No,No,,,,
UmKaHvjkiu,No,No,No,,,,
UlgNWOzMz2,No,No,No,,,,
UlewKJFkUV,No,No,No,No,,,
UjOPUHPoTM,No,No,No,,,,
UixzK8evk5,No,No,No,,,,
UhuizFH1Hx,No,No,No,No,,,
Ue9i6qgiCw,No,No,No,,,,
Ud2UQ9ZCep,No,No,No,,,,
UaZe4SwQF2,No,No,No,,,,
UXSqUOMwbE,No,No,No,,,,
UVoA0rALMC,No,No,No,,,,
UTMwcLMhso,No,No,No,No,,,
UQpbq4v8Xi,No,No,No,,,,
UNvLur0th4,No,No,No,No,,,
UNFR2Y6Xx0,No,No,Yes,,,,
UMywlqrW3n,No,No,No,,,,
UIIi9hBNW8,No,No,No,,,,
UGd9eSwsvn,No,No,No,No,,,
UEzKGW4U39,No,No,No,No,,,
UEx5dZqXvr,No,No,No,,,,
UECSdvL8U7,No,No,No,No,,,
U8PL5FzvrV,No,No,No,,,,
U7mWHBoTfb,No,No,No,,,,
U78nBY8hRi,No,No,No,,,,
U6SEUS76IE,No,No,No,,,,
U1rj4p5aKa,No,No,No,,,,
TxEV8D0z0r,No,No,No,,,,
TvTwz12BZN,No,No,No,,,,
TubO0kgAeL,No,No,No,,,,
TtQfZwf5s5,No,No,No,No,,,
TqIDmoIzLT,No,No,No,,,,
Tpd5RuSzpq,No,No,No,,,,
ToMdTqVIb5,No,No,No,,,,
ToGkF2nCNG,No,No,No,,,,
Tnx0922coo,No,No,No,,,,
TnpFFjHCcw,No,No,No,,,,
Tn5hALAaA4,No,No,No,No,,,
TkJkSkmhUy,No,No,No,,,,
Tk4tvmdKVP,No,No,No,,,,
TioAqBt8lz,No,No,No,,,,
Tha4jW8er9,Yes,No,No,,,,
TemPqRDMJ8,No,No,No,No,,,
TdrI4F7wS8,No,No,No,,,,
Td9LjgO91J,No,No,No,,,,
TZW4nzgtQ8,No,No,No,No,No,,
TW831RjYQO,No,No,No,,,,
TW2cBze4ZB,No,No,No,,,,
TSdWY9GaHA,No,No,No,,,,
TKzERU0kq1,No,No,No,,,,
TKo2JXw7vL,No,No,No,,,,
TKGgLVYRqJ,No,No,No,,,,
THr9aJ3z9k,No,No,No,,,,
T9wuVnNa5v,No,No,No,,,,
T9jJsFUGtI,No,Yes,No,,,,
T8ABT8q3FS,No,No,No,No,,,
T6GJ2Y0dn7,No,No,Yes,,,,
T3n9nbeIKc,No,No,No,,,,
T3kZcQ2ivs,No,No,No,,,,
SzH7d4617q,No,No,No,,,,
SyEwsV52Dk,No,No,No,,,,
SxrA1okPXY,No,No,No,,,,
SwphsE7hYO,No,No,No,,,,
SvmlxXMLYr,No,No,No,,,,
Srxf1V2jPa,No,Yes,No,,,,
SoypWgmvqP,No,No,No,Yes,No,No,
SnFmGmKTn1,No,No,No,No,,,
Sm3RzRKCel,No,No,No,No,,,
SlL3dr0Xa9,No,No,No,,,,
SkWgL49qwI,No,No,No,,,,
SihQ9bBLWa,No,No,No,,,,
ShQoWnMu1b,No,No,No,,,,
SfI8GT3xdb,No,No,No,,,,
SdpSaw26XT,No,No,No,,,,
SViJgzox1z,No,No,No,No,,,
SUAeMJKg6b,No,Yes,No,,,,
STHKApXVMH,No,No,No,No,,,
ST0ejo0mnc,No,No,No,,,,
SS44Mrv21o,No,No,No,No,,,
SQodZvCM5g,No,No,No,,,,
SPtskxPEiV,No,No,No,,,,
SP8zIwanHD,No,No,No,,,,
SNB6BwY2zy,No,No,No,,,,
SJYTfbI59J,No,No,No,No,,,
SJ0Da0j8n7,No,No,No,,,,
SI2CXa5eok,No,No,No,,,,
SHkMYY26KP,No,No,No,,,,
SFTvQQA4KJ,No,No,No,No,,,
SEFD0G4kf0,No,No,No,No,,,
SAM1HFH6iB,No,No,No,No,,,
S81zso7Imh,No,No,No,No,,,
S5eTDhfjHM,No,No,No,,,,
S0eqbM16k2,No,No,No,,,,
RzWrY4KYg8,No,No,No,,,,
Rz5eVgy8Sd,No,No,No,,,,
RxvMKDgZH6,No,No,No,,,,
RwzFNbJ3Ez,No,No,No,No,,,
Rvz7LvHcdX,No,No,No,,,,
RubWYFBZbG,Yes,No,No,,,,
RsK483IRuO,No,No,No,,,,
Ror9xJhbdc,No,No,No,,,,
Ro3x3mCAkD,No,No,No,,,,
RndkyLWLHc,No,No,No,,,,
Rn1k3Na4Cn,No,No,No,,,,
RlPI6mERbr,No,No,No,No,,,
RkqyZj5QNN,No,No,No,,,,
RgA1tcrxan,No,No,No,,,,
RenTc1sUb7,No,No,No,,,,
ReGzwoL3Sl,No,No,No,,,,
RcvJnskt0n,No,No,No,,,,
RbE83Pmtfk,No,No,No,,,,
Ra6gfR3XuI,No,No,No,,,,
RYvNvCU109,No,No,Yes,,,,
RXIYmRUWGD,No,No,No,,,,
RWJYEeaW1d,No,No,No,,,,
RWH1WazQqE,No,No,No,,,,
RVQccn8rcr,No,No,No,,,,
RSuN6p3wXR,No,No,No,,,,
RO460OVpev,No,No,No,,,,
RN5KLywTll,No,No,No,,,,
RMDZNIjTt7,No,No,No,,,,
RLmpJ4xol2,No,No,No,,,,
RKqtOoMC1M,No,No,No,,,,
RJq3hJlK6w,No,No,No,No,,,
RJRCWXGtds,No,No,No,,,,
RGmQOhSGp0,No,No,Yes,,,,
RE4oyAdAvM,No,No,No,,,,
RAtrnAtAsM,No,No,No,,,,
R7f5euZ9RA,No,No,No,,,,
R7Op9CHdPz,No,No,No,No,,,
R635gF7lXD,No,No,No,,,,
R5NzXYY7S2,No,No,No,,,,
R4yb4m7Nus,No,No,No,,,,
R4VfYDluYi,No,No,No,,,,
R4N3RNBNzJ,No,No,No,No,,,
R2PwXB08i4,No,No,No,,,,
R0XABYPVKI,No,No,No,,,,
Qyw4k4ohgr,No,No,No,,,,
QwejPcX96r,No,No,Yes,,,,
Qv2CTIcCPJ,No,No,No,,,,
Qu0OZXL29t,No,No,No,,,,
QtyJZe9Sfz,No,No,No,,,,
QtOybganmT,No,No,No,,,,
QoiOmXy3A7,No,No,No,,,,
QnXfnQ3MFe,No,No,No,No,,,
QlY0TSxVIl,No,No,No,,,,
QkCYv3TlGk,No,No,No,,,,
QdhjuI19nv,No,No,No,No,,,
QYvFUlF19n,No,No,No,,,,
QYSPlIZ6bV,No,No,No,,,,
QVuVwt1QLh,No,No,No,,,,
QVnlBmGrWS,No,No,No,,,,
QV79qiKAjD,No,No,No,,,,
QPP8wNMBBk,No,No,No,,,,
QMCjppVJbB,No,No,No,,,,
QH4EMvwF8I,No,No,No,,,,
QH19wfJrX1,No,No,No,,,,
QG4BWnsX6m,No,No,No,,,,
QEf1MyZGZu,No,No,No,No,,,
QAZ2QV8SqN,No,No,No,,,,
QAT5suGpNL,No,No,No,,,,
QA1jlb1VG7,No,No,No,No,,,
Q9BLbN1p6h,No,No,No,,,,
Q93hLxLKLB,No,No,No,,,,
Q5nM3rpiVm,No,No,No,,,,
Q4u18Ui7YS,No,No,No,,,,
Q2Wu2Cfp2x,No,No,No,No,No,,
Q2IInBu2kz,No,No,No,No,,,
PzINxIyV9o,No,No,No,,,,
PyJ78pUMEE,No,No,No,No,,,
PyAzL6Z802,No,No,No,,,,
PxEhoPiBB0,No,No,No,No,,,
Pw9vYSPJKk,No,No,No,,,,
Pu5tJykUeT,No,No,No,,,,
PomhVDrvco,No,No,No,,,,
PoMCId4iez,No,No,No,,,,
PnAmH1silV,No,No,No,,,,
PffUQuD8sn,No,No,No,,,,
Pb1DhkTVLZ,No,No,No,No,,,
PaVP2Sc6pJ,No,No,No,No,,,
PXkS70nuNp,No,No,No,,,,
PWWg9q3S0C,No,No,No,,,,
PTko0qsiA4,No,No,No,No,,,
PT6lSdWEgw,No,No,Yes,,,,
PT63nNpyKg,No,No,No,,,,
PSlrVYPTAX,No,No,No,No,,,
PPwRa7Wmg1,No,No,No,No,,,
PNpRxOhVut,No,No,No,,,,
PHtXqUNGUA,No,No,No,,,,
PHh1s8dNlY,No,No,No,No,No,,
PCyB5LUF4z,No,No,No,No,,,
PCNsizlhRU,No,No,No,,,,
PBwotNgvp3,No,No,No,,,,
PBvSGqYCSa,No,Yes,No,No,No,,
PAByut8fMZ,No,No,No,,,,
P9V2jcotAF,No,No,No,No,,,
P5hYS77k10,No,No,No,,,,
P2jDML1Ub6,No,No,No,,,,
P04rLpllH7,No,No,No,,,,
OxoP1qFotz,No,No,No,No,,,
Ox0OoyLass,No,No,No,,,,
OwxjgsX68V,No,No,No,,,,
OwWIl6gb1z,No,No,No,,,,
Ov6OZ2TFKI,No,No,No,,,,
OkQD6RMUK5,No,No,No,,,,
OhZLO1yunf,No,No,No,,,,
OgK0kMz5Va,No,No,No,,,,
OfBAABKH5X,No,No,No,,,,
Of2xc2GVid,No,No,No,,,,
OcaifDZKkA,No,No,No,,,,
OZOrQQBDou,No,No,Yes,,,,
OYWeQdQiIn,No,No,No,,,,
OXQFcwKrTM,No,No,No,,,,
OVt2dIwxR1,No,No,No,No,No,,
OVmOQs85Xb,No,No,No,,,,
OVLnZliSHs,Yes,No,No,,,,
OUmxBN45Gl,No,No,No,,,,
OUiW2DzpzT,No,No,No,,,,
ORHg3RKho0,No,No,No,,,,
OLcDbSRjbx,No,No,No,,,,
OK5yv6Fhl9,No,No,No,,,,
OGdl9d3BEC,No,No,No,No,,,
OETPPc15XG,No,No,No,,,,
ODeHH5FBwx,No,No,No,,,,
OC4OLQGtIR,No,No,No,,,,
O9zrG7NB3X,No,No,No,,,,
O7eKiJpePJ,No,No,No,,,,
O4kDO3yS9B,No,No,No,No,,,
O4gELC78Bq,No,No,No,,,,
O36QcmUEDM,Yes,No,No,,,,
O1IEUXd4SI,No,Yes,No,,,,
NxOeOxe6qs,No,No,No,,,,
Nx9D21g1lW,No,No,No,,,,
NwJVbDxfTd,No,No,No,,,,
NuMemgzPYT,No,No,No,No,,,
NtHfJrjkiv,No,No,No,,,,
NrmYYAO7N4,No,No,No,No,,,
NrCLVmq0KD,No,No,No,,,,
NphKIYvm9D,No,No,No,,,,
NomitcTG87,No,No,No,,,,
NnVIFpsMAy,No,No,No,,,,
NlWH0Kvptf,No,No,No,,,,
Nk2vfZa4lX,No,No,No,,,,
Nijnhwu1Uz,No,No,No,No,No,,
NiEYKbNnQO,No,No,No,,,,
Ni57pgQVqq,No,No,No,No,,,
NfN3ZDCcsO,No,No,No,No,,,
NeOsOzNMiS,No,No,No,,,,
Nc6U1Z0DDt,No,No,No,,,,
NbkVQsbaqJ,No,No,No,,,,
Na4DonsjLx,No,No,No,No,No,,
NZZB3UGcd8,No,No,No,,,,
NZK22y40DS,No,No,No,,,,
NYstQhld8J,No,No,No,,,,
NYlL3oACU2,No,No,No,,,,
NXXrvcilq8,No,No,No,,,,
NW09xt3kvH,No,No,No,,,,
NT4ehxCifo,No,No,No,,,,
NPkkvrv2Vp,No,No,No,No,,,
NPJznfA7ZC,No,No,No,,,,
NO5dc8Ljvj,No,No,No,No,,,
NMMnxhQm01,No,No,No,No,,,
NMMRH80gha,No,No,No,,,,
NHeAUKlTO8,No,No,No,,,,
NBH3x0u5oQ,No,No,No,,,,
NAmRjAIMkz,No,No,No,,,,
N924k3YM8V,No,No,No,No,,,
N8nQjYuyhO,No,No,No,,,,
N8TTwaIBId,No,No,No,,,,
N7R2emgl67,No,No,No,No,,,
N6sXsHuWDE,No,No,No,,,,
N6f1iHjWvB,No,No,No,No,No,,
N58BZj5JB7,No,No,No,,,,
N4VUOeVOfS,No,No,No,No,,,
N3a2vVk8vu,No,No,No,,,,
MzDakXdBbM,No,No,No,,,,
MyTyc69kKK,No,No,No,,,,
My6Rgv7xXV,No,No,No,,,,
MxhTQC9AYV,No,No,Yes,,,,
Mtgbc9XFPU,No,No,No,No,,,
Mte6BK69zv,No,No,No,,,,
Mq5cyRMGlD,No,No,No,,,,
MoEfm3iPMy,No,No,No,No,,,
MnPnE4xV0H,No,No,No,,,,
MmBjKmHIND,No,No,No,No,,,
Mm5GXKvpXm,No,No,No,,,,
MkD0VGShAq,No,No,No,,,,
MhbiD5FVPF,No,No,No,,,,
MhU0zxuZ5K,No,No,No,No,,,
MhEJqeCzgE,No,No,No,,,,
Mefvmgkb9G,No,No,No,,,,
Md1YdfqAed,No,No,No,,,,
MbKRJUowYX,No,No,No,,,,
MZwFbA3DSF,No,No,No,,,,
MYdmanqfvm,No,No,No,,,,
MXMA6vQtSZ,No,No,No,,,,
MWisc5Amup,No,No,No,,,,
MWhwZjFCcq,No,No,No,,,,
MSQrAoa7iy,No,No,No,,,,
MRehcsVc4y,No,No,No,No,No,,
MQsvD6YOan,No,No,No,,,,
MNTCi0i3cU,No,No,No,,,,
MMrqu8SD6y,No,No,Yes,,,,
MLzoMwlxTh,No,No,No,No,,,
MLKLYoXypN,No,No,No,,,,
MKjGklW9TP,Yes,No,No,,,,
MFimS05rLW,No,No,No,,,,
MEByW1upLk,No,No,No,No,,,
M9NdVElcbs,No,No,No,,,,
M6BJfQ9oup,No,No,No,,,,
M5knJ7ovgz,No,No,No,,,,
M51c00VxiJ,No,No,No,,,,
M3uTqtEgNo,No,No,No,No,,,
M1Nogs3zR5,No,No,No,,,,
M1GRz46Ahz,No,No,No,,,,
Lp4CMWnSyb,No,No,No,,,,
LkV7Xx06yq,No,No,No,No,,,
Lk1KaQcjaM,No,No,No,No,,,
LepuyCeWcw,No,No,No,,,,
LawAC9vh8q,No,No,No,,,,
LZq3crn3Bv,No,No,No,,,,
LUDljw5VVD,No,No,No,,,,
LRRThBBiov,No,No,No,,,,
LQqlapYGeR,No,No,No,,,,
LPtO1evrGa,No,No,No,,,,
LNKGWaRtlE,No,No,No,,,,
LGX5hFWPK2,No,No,No,No,,,
LDAgFeA55o,No,No,No,No,,,
LCEbV5nsb8,No,No,No,,,,
L8W6RyMRmL,No,No,No,No,,,
L8Cxea5krb,No,No,No,No,,,
L7ZBpZZ8Va,No,No,No,No,,,
L7YoWxQq5t,No,No,No,,,,
L7IW2foTq4,No,No,No,,,,
L4yVLb6cLu,No,No,No,,,,
L0u9Dkito7,No,No,No,,,,
L0SEfyrLsW,No,No,No,No,No,,
KxGI7hLxAo,No,No,No,,,,
KkR8wahYQN,No,No,No,No,,,
KkHY1WGDII,No,No,No,No,,,
Kjs0mpGJwb,No,No,No,,,,
KivNpBsfAS,No,No,No,,,,
KgcuY2KIkf,No,No,No,,,,
KfJffhdWO1,No,No,No,,,,
KUSzNKRI2g,No,No,No,,,,
KTFxOnrbvu,No,No,No,,,,
KSjnVt9awC,No,No,No,No,,,
KRQADH68fG,No,Yes,No,,,,
KOxEqQzvOZ,No,No,No,,,,
KNFG5KLXD3,No,No,No,,,,
KIysY1fMCJ,No,No,No,No,,,
KHfQKygNSc,No,No,No,,,,
KFieG8rclT,No,No,No,No,,,
KEH6Cqjdw2,No,No,No,,,,
KE9MKZOOca,No,No,No,No,,,
KE5QunlXcr,No,No,No,,,,
KCe98ynJl3,No,No,No,,,,
K8ixbJPkMQ,No,No,No,,,,
K7p2SnqFoN,No,No,No,No,No,No,No
K6KcA4ODql,No,No,No,,,,
K5o8oDa0Z0,No,No,No,,,,
K5DBkivtyO,No,No,No,,,,
K35sqjeg5J,No,No,No,,,,
K2CrJIcFqg,No,No,No,,,,
K1ih2El1IO,No,No,No,,,,
JyvycLG00G,No,No,Yes,,,,
JwbEwhL3VP,No,No,No,,,,
Js80TDwMfY,No,No,No,,,,
JrlSX4nHTv,No,No,No,,,,
JotVdrvFtJ,No,No,No,,,,
Jo9P7hrDdy,No,No,No,,,,
JnJsaXfVte,No,No,No,,,,
Jk6LA0NGOU,No,No,No,,,,
JiUTJJrkL4,No,No,No,,,,
JhzzvJnL9t,No,Yes,No,,,,
JhC3lwWDhZ,No,No,No,,,,
Jc0sVyM0JP,No,No,No,,,,
JaP8ZnOxmi,No,No,No,,,,
JWMIm1EyaE,No,No,No,,,,
JW3UKn4bmG,No,No,No,,,,
JRHhpw77q3,No,No,No,No,No,,
JPUx2nVgWa,No,No,No,,,,
JNd6XPdaXj,No,No,No,,,,
JMbJeMTFos,No,No,No,,,,
JMSkoIYFSn,No,No,No,,,,
JKmsjKJ0Q8,No,No,No,,,,
JIrP8CIvx6,No,No,No,,,,
JI5lhPHVbK,No,No,No,No,,,
JHd4FSJSC5,No,No,No,,,,
JC7uPaMwpW,No,No,No,,,,
J9vgDEDjAw,No,No,No,No,,,
J9Vx7eTuWb,No,No,No,,,,
J8iaZda5aG,No,No,No,,,,
J6uWPjukdR,No,No,No,,,,
J6pq6AcmbE,No,No,No,No,,,
J5FFUHZjNx,No,No,No,,,,
J2l0R8N3ks,No,No,No,No,,,
IwI7Wpkzm7,No,No,No,,,,
IvwcvJHLpc,No,No,No,,,,
Itnbse9MMW,No,No,No,,,,
IsDxBXUEd8,No,No,No,,,,
IqEy2fbpt5,No,No,No,,,,
IpzCUvade7,No,No,No,No,,,
Ipo264MKyt,No,No,No,,,,
IpJ5rAFLv7,No,No,No,,,,
InhYJzIuBi,No,No,No,,,,
In4L79U5n7,No,No,No,No,,,
IlgpELdUeK,No,No,No,,,,
IksoHnq4rC,No,No,No,,,,
Ihgea6IIWo,No,No,No,No,No,,
IhHB1l1mwp,No,No,No,,,,
IgPf3oLp6B,No,No,Yes,,,,
Ie040B4nFm,No,No,No,,,,
IdXpzsTWRs,No,No,No,No,,,
IdSrFSqhHl,No,No,No,,,,
IadylMsom5,No,No,No,,,,
IaBBd8Fod8,No,No,No,,,,
IZzZnp7IUs,No,No,No,,,,
IZjyMygbw4,No,No,No,,,,
IXuCeFnnxU,No,No,No,,,,
IUKw6SyCxv,No,No,No,No,,,
IT2bT8UigY,No,No,No,,,,
IRUGqnZQwt,No,No,No,,,,
IPPURnxK2S,No,No,No,,,,
ILxXKWHkIB,No,No,No,,,,
ILQnct9H4H,No,No,No,,,,
IKz1dWj0I5,No,No,No,,,,
IIfdKVyeVh,No,No,No,,,,
IFNbElsnCi,No,No,No,,,,
IEH9YsR5Ty,No,No,No,,,,
I9DVeu8XKa,No,No,No,,,,
I8VTNsq5eB,No,No,No,No,No,,
I5hTganf3z,No,Yes,No,No,,,
I5NWLjXbQl,No,No,No,,,,
I5BnQIgQIM,No,No,No,,,,
I4BFSevtRv,No,No,No,,,,
I13VHLJjLO,No,No,No,,,,
HzecOxOGAS,No,No,No,,,,
HvYxdKPqYt,No,No,No,,,,
HtQvhCRTxo,No,No,No,,,,
HtNQXg979A,Yes,No,No,,,,
HsvZUde6wT,No,No,No,,,,
HsGirsKN5l,No,No,No,No,,,
Hkj3WyR1JB,No,No,No,No,,,
HkXbOUaL4W,No,No,No,No,,,
HjBDSop3ME,No,No,No,,,,
HickNiCqk9,No,No,No,,,,
HhoG04UD3E,No,No,No,,,,
HewtRLig9V,No,No,No,,,,
Hbqsmv4jqY,No,No,No,,,,
HaSS8a3Oe7,No,No,No,,,,
HYxJoAWLgT,Yes,No,No,,,,
HUzbEPMd6v,No,No,No,,,,
HS5BWSqK5I,No,No,No,,,,
HR90GXVHUn,No,No,No,,,,
HQfzPDZJAL,No,No,No,,,,
HNfwD7QOaq,No,No,No,,,,
HMVNu8oKAK,No,No,No,,,,
HKMvR1UaWH,No,No,Yes,,,,
HJTbcidL5a,No,No,No,,,,
HIPPG2SH3u,No,No,No,,,,
HIBDxkl5n4,No,No,No,,,,
HGLvAAKNKx,No,No,No,,,,
HFbtrmefx7,No,No,No,,,,
H5vtCpKisA,No,No,No,,,,
H0SoE2ch5l,No,No,No,,,,
Gzuzpl4Jje,No,No,No,No,,,
Grj9GJUcuZ,No,No,No,,,,
GprvtTwOxy,No,No,No,,,,
Gp8EmdJLUj,No,No,No,No,,,
GnEGvlOcwr,No,No,No,,,,
GgriuyaTZU,No,No,No,,,,
GeFFYOCkvS,No,No,No,,,,
GbApUL7sDL,No,No,No,,,,
GWOCiRkjCF,No,No,No,,,,
GTqt0X2Swn,No,No,No,,,,
GSnAO2qUHy,No,No,No,,,,
GSNoZKqHgO,No,No,No,,,,
GQ1rtVVIy2,No,No,No,No,,,
GOBxWdRpfz,No,No,No,,,,
GLA4ablO3M,No,No,No,,,,
GFgPmhLVhC,No,No,No,,,,
GEZW6VqQNg,No,No,No,,,,
GDPMVALXqv,No,No,No,,,,
G7IbRKrAOE,No,No,No,,,,
G6gj7Dydc5,No,No,No,,,,
G6E3uzABf1,No,No,No,,,,
G3IjhUERrD,No,No,No,,,,
G13P9iWzKc,No,No,No,No,,,
G12y1Pz3vJ,No,No,No,,,,
G0ZGGpSj7i,No,No,No,,,,
Fqv0rgvkol,No,No,No,,,,
Fm0Brp3cTS,No,No,No,,,,
Fj07R03qkz,No,No,No,,,,
FghDWBBsIm,No,No,No,,,,
FgEM735i5M,No,No,No,,,,
Faxkz2V56o,No,No,No,,,,
FXObwPWgUc,No,No,No,,,,
FTiXh63BVO,No,No,No,,,,
FS1a4CDZsP,No,No,No,No,,,
FRRlmKxuf2,No,No,No,,,,
FMwflM9yVJ,No,No,No,,,,
FMWVtVct0V,No,No,No,No,,,
FLSQjYmzIp,No,No,No,,,,
FKNtgr0qQy,No,No,No,,,,
FGBWDf7Z19,No,No,No,,,,
FGBEoz9WzI,No,No,No,,,,
FAimEpR9Fh,No,No,No,,,,
FAiFBfFTGZ,No,No,No,,,,
F4qNZtkk3V,No,No,No,,,,
F1G7y94K02,No,No,No,,,,
ExpskenHdP,No,No,No,,,,
Exh156fVSS,No,No,No,,,,
EwNVh5fuRF,No,No,No,,,,
EvVWHQ5l6X,No,No,No,,,,
EuMmDTVFjL,No,No,No,,,,
EtNebdSBpe,No,No,No,,,,
EtC8wfjSw4,No,No,No,,,,
EpJ7qqR0ad,No,No,No,No,,,
EpBNf4Arod,No,No,No,,,,
EnUgSeghBl,No,No,No,,,,
EkftL7NgtW,No,No,No,,,,
Ek87791lcO,No,No,No,,,,
Eib6OOeVJI,No,No,No,,,,
EhPYwBBFYb,No,No,No,,,,
EY9k2x5qWB,No,No,No,,,,
EVfHUvhRra,No,No,No,,,,
EV5dNDiC7I,No,No,No,,,,
ETNa4Wb65J,No,No,No,No,,,
ESyts8YSub,No,No,No,No,,,
ESgkAKGUJP,No,No,No,,,,
ESGY2Ftbfg,No,No,No,,,,
EJ4N7PX6dm,Yes,No,No,No,,,
EG7gjHZ8cm,No,No,No,No,,,
EFML9BJcIH,No,No,No,,,,
EDuKP7DqCk,No,No,No,No,,,
E9dH0BP5VW,No,No,No,No,,,
E5r96sfKO0,No,No,No,,,,
E4ebDehO3O,No,No,No,,,,
DzCc4mpH1m,No,No,No,,,,
Dy2mbQIdMz,No,No,No,,,,
DxYDP3B31K,No,No,No,,,,
Dqg9SLOXZu,No,No,No,No,,,
Dq023aV4Ih,No,No,No,,,,
DpNUrB6SeZ,No,No,No,,,,
DmrIEHJxN5,No,No,No,,,,
DlQeSfGYfS,No,No,No,,,,
Dl3YgoOh2c,No,No,No,,,,
DjwSceRw7B,No,No,No,No,,,
Dil6z5sZkD,No,No,No,No,,,
DgNnVebNPy,No,No,No,,,,
DgB01RzOqo,No,No,No,,,,
DVDGNFn1Jm,No,No,No,,,,
DTyMi3ReQU,No,No,No,No,,,
DTELCDufzE,No,No,No,,,,
DSmHC8bi3j,No,No,No,,,,
DRpZjTJKZh,No,No,No,,,,
DQVGhBdAPG,No,No,Yes,,,,
DQ9WeXpgJt,No,No,No,No,,,
DPhTTeoyjC,No,No,No,,,,
DOlbbJhJ1A,No,No,No,,,,
DDvcWpZNgl,No,No,No,,,,
D9oq45WsKq,No,No,No,,,,
D97Zfgv4em,No,No,No,,,,
D7omx8QyFP,No,No,No,,,,
D70lPh24o6,No,No,No,,,,
D4CoZQY1nt,No,No,No,,,,
D4Cb4gAWro,No,No,No,,,,
D1kF1Eq7Mv,No,No,No,,,,
D0gAwtclWk,No,No,No,,,,
D0Mp7ILZME,No,No,No,,,,
CyDf6Q619o,No,No,No,,,,
Cx5vVkpsOY,No,No,No,,,,
CuI1xfhxaJ,No,No,No,,,,
Cu4Jn4Xt22,No,No,No,,,,
CsCRTvEZg1,No,No,No,,,,
Coh1A4iSsl,No,No,No,,,,
CoEuk8SNI1,No,No,No,,,,
CnLpDkgnCn,No,No,No,,,,
Cn3HNSzh14,No,No,No,No,,,
CluDBdRhUp,No,No,No,,,,
CkvfJdb7mw,No,Yes,No,,,,
Ck3JPqoEeE,No,No,No,,,,
CihCvXPiEG,No,No,No,,,,
Cib0JSAVwW,No,No,No,,,,
CgAfbI4kGS,No,No,No,No,,,
CfJiBuysQQ,No,No,No,No,,,
CdcdyN4cvL,No,No,No,,,,
Cc5yhA1PrC,Yes,No,No,,,,
CblASBV3d4,Yes,No,No,,,,
CQgmBmRBMb,No,No,No,,,,
CPBEn5mGle,No,No,No,,,,
CP1PLnFzbr,No,No,No,No,,,
CO40wNIY5i,No,No,No,,,,
CMm4w1A4Yd,No,No,No,No,,,
CLq5tqZ5SK,No,No,No,No,,,
CLVOAHdybT,No,No,No,,,,
CK9mApdZFW,No,No,No,No,,,
CHffPbQXjX,No,No,No,,,,
CEPkRTOlut,No,Yes,No,,,,
C68cYdgLUs,No,No,No,,,,
BxY99WBKSV,No,No,No,,,,
BscCXmZopv,No,No,No,No,No,,
BrqDTTga8J,No,No,No,,,,
BpsWrnfIIn,No,No,No,,,,
BpibUh0aB3,No,No,No,,,,
Bou2YHsRvG,No,No,No,,,,
BoKg2pcF0H,No,No,No,,,,
Beho3ly3qx,No,No,No,,,,
BdpoEj33DZ,No,No,No,No,,,
BcYvkVgkZy,No,No,No,,,,
BacLV3QUi8,No,No,No,,,,
BYxHeGsiay,No,No,No,No,,,
BYkD1gjbxm,No,No,No,,,,
BViIHjzvoY,No,No,No,,,,
BSApuhuM87,No,No,No,,,,
BNcTB8RZfG,No,No,No,No,No,No,
BMIjPXooNq,No,No,No,No,,,
BKchhwhNh3,No,No,No,,,,
BGsssE3E4i,No,No,No,No,,,
BFbdO9GwTZ,No,No,No,,,,
BEFiYM5Vtx,No,No,No,,,,
BB1qrcPgRu,No,No,No,,,,
BAA4209PGJ,No,No,No,,,,
B8mdHlqNfw,No,No,No,,,,
B8Hz9HqnFm,No,No,No,No,,,
B6Gdg7u04y,No,No,No,,,,
B6BXB4g8eQ,No,No,No,,,,
B3rTZovgaA,No,No,No,No,,,
B3SjWgXHzM,No,No,No,,,,
B3Muf1R1UD,No,No,No,,,,
B14ohp9mPU,No,No,No,,,,
B01gPP5YCh,No,No,No,,,,
AxPGO36LfE,No,No,No,,,,
AtjErbRsg2,No,No,No,No,,,
Ariw9I14zZ,No,No,No,,,,
ArSMQ3dCUx,No,No,No,,,,
AptTXihnhH,No,No,No,,,,
AoGdaivPEh,No,No,No,,,,
AlEeMxkgsi,No,No,No,,,,
Akk5ep2gQx,No,No,No,,,,
AjGXZIgvIb,No,No,No,,,,
Ai0oBKlJP2,No,No,No,,,,
AgsLcJ9KaX,No,No,No,No,,,
AfnJBOXfAU,No,No,No,,,,
AfEowGM3qG,Yes,No,No,,,,
AbXA40kggY,No,No,No,,,,
AajIIYMm0d,No,No,No,,,,
AZfRWT1dOa,No,No,No,,,,
AZ8sFZtLHD,No,No,No,,,,
AYOfbWMRSd,No,Yes,No,,,,
AXY8GJzm2K,No,No,No,,,,
AU2Oq0z4xA,No,No,No,,,,
ARtBIBAmNR,No,Yes,No,No,,,
AQiuwWLvim,No,No,No,,,,
AJDSZ2YVI6,No,No,No,,,,
AGVANImv7S,No,No,No,No,,,
AEkFAAprvF,No,No,No,No,,,
ADsEdyI32n,No,No,No,,,,
ADHMUuN7CE,No,No,No,,,,
AD0o090nDJ,No,No,No,,,,
ACogU4OVFK,No,No,No,No,,,
AAuVIl8Aeo,No,No,No,,,,
AAnYBhWKRv,No,No,No,,,,
AAYXFyvNbr,No,No,No,No,,,
A6FGmwsH7x,No,No,No,,,,
A68W11vA8o,No,No,No,,,,
A2oBdekFgv,No,No,No,,,,
A0xVOahTiw,No,No,No,No,,,
9zZWPEo8et,No,No,No,,,,
9z2yznFVw5,No,No,No,,,,
9s7QooDInQ,No,No,No,,,,
9rWqOgvGpc,No,No,No,,,,
9r8WwpJv7M,No,No,No,,,,
9qydIw5ux1,No,No,No,,,,
9edEJfhOFL,No,No,No,,,,
9cALtYoAEy,No,No,No,No,,,
9V0M45lJAs,No,No,No,,,,
9S0MFwEkc3,No,No,No,,,,
9RugvdmIBa,No,No,No,,,,
9RFBVLwiOn,No,No,No,,,,
9OPtgQlxVD,No,No,No,,,,
9NGR4GdLII,No,No,No,,,,
9LPJK81xy1,No,No,No,,,,
9K1urVN7ti,No,No,No,,,,
9HjxuDwTNG,No,No,No,,,,
9HbJGoe4a8,No,No,No,,,,
9GxP2Kw8IC,No,No,No,,,,
9F6h0oIYsP,No,No,No,,,,
9EYaUfyRYk,No,No,Yes,,,,
9EYS2EEqFq,No,No,No,,,,
9BuTdxSfIO,No,No,No,,,,
9Ax0pyaLgh,No,No,No,,,,
99msyVXHEq,No,No,No,No,,,
8zQ77tPTMR,No,No,No,No,,,
8xyd9i1XLb,Yes,No,No,,,,
8uSB79mZks,No,No,No,,,,
8oy8hUeem9,No,No,No,,,,
8mJujVetQv,No,No,No,,,,
8l2m7jctGv,No,No,No,,,,
8iB0FJmOfV,No,No,No,,,,
8gYRHspcxK,No,No,No,,,,
8e9aFrksRq,No,No,No,,,,
8cRL5fPwUI,No,No,No,No,,,
8Y9G7579DP,No,No,No,,,,
8WXwPUBFEb,No,No,No,,,,
8VK9XXgFHp,No,No,No,,,,
8UWPQboDq9,No,No,No,,,,
8Rif7M7Z6A,No,No,No,,,,
8POQ904HEc,No,No,No,,,,
8PNFSDJ3md,No,No,No,,,,
8NFU2kLql3,No,No,No,,,,
8NA76tz7Jj,No,No,No,,,,
8LSuy5nNmz,No,No,No,,,,
8L5SA7ENI4,No,No,No,,,,
8IrFLWRvuW,No,No,No,,,,
8FgdMHbW27,No,No,No,,,,
8FXeFY5487,No,No,No,No,,,
8ElstW3DUT,No,No,No,,,,
8DKrruapZ5,No,No,No,,,,
8CQ0DUuSAK,No,No,No,,,,
8B9mL26NDT,No,No,No,,,,
8AKBcTXEd3,No,No,No,,,,
8851TT2R0l,No,No,No,,,,
87WEkTIVSh,No,Yes,No,,,,
8752c2KVwd,No,No,No,,,,
855dPxyaex,No,No,No,,,,
83m634EuTW,No,No,No,,,,
80ZDEuEJVC,No,No,No,,,,
7wJhlDMNH7,No,No,No,,,,
7vR0fWRwTX,No,No,No,No,,,
7umLwqBbvw,No,No,No,,,,
7s8KOmvdJc,No,No,No,,,,
7rjkSqMJ5n,No,Yes,No,,,,
7qCuicCunf,No,No,No,No,No,,
7okuG5JhaM,No,No,No,,,,
7jYZd05yjJ,No,No,No,,,,
7hSVLwNbWT,No,No,No,No,,,
7gIhLGqyph,No,No,No,,,,
7fdIbXjRSp,No,No,No,,,,
7cXoueVCoL,No,No,Yes,,,,
7Z1F0h7gWq,No,No,No,,,,
7YluNq3HQQ,No,No,No,,,,
7UvOkmrB8V,No,No,No,,,,
7UVOFuNk27,No,No,Yes,,,,
7TKKvwyQef,No,No,No,,,,
7SaXczaBpG,No,No,No,No,,,
7RzRbVXWPN,No,No,No,,,,
7QSvLXXHQt,No,No,No,,,,
7QSa2w5Wai,No,No,No,No,,,
7O9bTjLgTQ,No,No,No,,,,
7MmYaN93lb,No,No,No,,,,
7LBhEJ1DII,No,No,No,,,,
7Jis2yiiEZ,No,No,No,,,,
7IcVI11lkO,No,No,No,,,,
7IB8gZRptd,No,No,No,,,,
7H45HfXsJb,No,No,Yes,,,,
7Gy8FXaTv6,No,No,No,,,,
7GxY4WVBzc,No,No,No,,,,
7FaWK7HpKK,No,No,No,No,,,
7FXgefa9lU,No,No,No,,,,
7F5w5AQrv7,No,No,No,,,,
7DueCuvmgM,No,No,No,,,,
7D4TPisEBk,No,No,No,,,,
7CTp2gwqin,No,No,No,No,,,
77h6pSkw4N,No,No,No,,,,
73kjtIZ4pt,No,No,No,,,,
71Lz8HW3NE,No,No,No,,,,
6zSuMMtUjO,No,No,No,No,,,
6wj8Xczqkn,No,No,No,,,,
6tW1WEHIJe,No,No,No,,,,
6srsYdjLnV,No,No,No,No,,,
6pPCKWzYw4,No,No,Yes,,,,
6ne78DBkxl,No,No,No,,,,
6nLdWdTeos,No,No,No,,,,
6muz29kMQu,No,No,No,,,,
6mZIF4OxSq,No,No,No,,,,
6mPs06irie,No,No,No,,,,
6lXuQBMsyM,No,No,No,,,,
6jik3wCbTr,No,No,No,,,,
6j7JZnEzf4,No,No,No,,,,
6i98agKoZ1,No,No,No,,,,
6eBgIRnlGA,No,No,No,,,,
6dyvFZLRX8,No,No,No,,,,
6c2s6HddQ4,No,No,No,,,,
6YQ1uh9IGG,No,No,No,,,,
6WcsVlZE5I,No,No,No,,,,
6UklbMESHZ,No,No,No,No,,,
6RuXWFEQzg,No,No,No,,,,
6RQTvSLbgi,No,No,No,,,,
6P32h3LTC1,No,No,No,,,,
6LkytBaTy9,No,No,No,,,,
6KyZrSp8y3,No,No,No,,,,
6Jqa4YmUMf,No,No,No,,,,
6DMhUhx5oy,No,No,No,,,,
6DKS4tb387,No,No,No,No,,,
68A4GE4nqf,No,No,No,,,,
65teZsn7HR,No,No,No,,,,
63UKbaiyAe,No,No,No,,,,
5x5Vxclc1K,No,No,No,No,,,
5vOHRbLNE7,No,No,No,No,,,
5uZQ6spv9u,No,No,No,,,,
5sGLPiG1vE,No,No,No,,,,
5o4a4OjhQW,No,No,No,,,,
5nHLFcj7Y9,No,No,No,,,,
5kV1ZwKMeQ,No,No,No,,,,
5jc17fMzqf,No,No,No,,,,
5ZHznxXCIb,No,No,No,,,,
5UW6Mivj9M,No,No,No,,,,
5TEfD2GBUc,No,No,No,No,,,
5QNpjtdjD8,No,No,No,,,,
5PvFFNRTbp,No,No,No,,,,
5Ob6DsDv2V,No,No,No,,,,
5NMl0TYLey,No,No,No,,,,
5K2fiOlcGG,No,No,No,No,,,
5IFMe8TuSy,No,No,No,,,,
5EHI2FGf1D,No,No,No,,,,
5DUhBxRqKR,No,No,No,No,,,
5BWvVIa5Uz,No,No,No,,,,
5Az3d5TkMJ,No,No,No,,,,
59gI2XQPmH,No,No,No,,,,
58jpJdPgKi,No,No,No,No,No,,
57yfvVESPE,No,No,No,,,,
56UYArtXyA,No,No,No,,,,
54WhV6RTzi,No,No,No,,,,
51gbtl2VxL,No,No,No,No,No,,
51BB1xOWq1,No,No,No,No,,,
50rXrJNqHQ,No,No,No,,,,
4wAKqlfV5t,No,No,No,No,,,
4uylA0mUkk,No,No,No,No,,,
4toYWE7g6U,No,No,No,,,,
4to6zjnEQV,No,No,No,,,,
4sgXjFtnqg,No,No,No,,,,
4nQN6Z6OY3,No,No,No,,,,
4kuLaebvKx,No,No,No,,,,
4k5BcBYKAS,No,No,No,No,,,
4dJMzjIR2k,No,No,No,,,,
4akD4Z2BBg,No,No,No,No,,,
4aBxFtqRNa,No,No,No,,,,
4WrqZlEK3K,No,Yes,No,,,,
4PPT1An0kY,No,No,No,,,,
4MjZNeTCqZ,No,No,No,,,,
4M4U3uC3Iy,No,No,No,,,,
4KRiWsfOwn,No,No,No,,,,
4JpybEffzH,Yes,No,No,,,,
4Jnjap7NSx,No,No,No,,,,
4IubiozIFH,No,No,No,,,,
4GmujJSuq0,No,No,No,,,,
4Ggw1DsgRQ,No,No,No,,,,
4FDx4KMZnu,No,No,No,,,,
4EXbwN9Ezw,No,No,No,,,,
4AiERjB5JD,No,No,No,,,,
4AcHxGE6M4,No,No,No,,,,
49HfhYU9S6,No,No,No,,,,
46WcPRhRwG,No,No,No,,,,
45uZxlMLol,No,No,No,,,,
43SOcneD8W,No,No,No,No,,,
42LIoV0C1h,No,No,No,,,,
42Cc5s71zl,No,No,No,No,,,
4272bEn4Q0,No,No,No,,,,
41vXNjZbIn,No,No,No,No,,,
40NCUv4I2R,No,No,No,,,,
3ymHqvobHJ,No,No,No,,,,
3u3kXSeVvR,No,No,No,,,,
3qG4r6FGWD,No,No,No,No,,,
3qF5MqUl3Y,No,No,No,,,,
3pvdo2yHXq,No,No,No,No,,,
3l9zUuFo9m,No,No,No,,,,
3k5GFJEGem,No,No,No,,,,
3gdG9upo7e,No,No,No,,,,
3e8rcsIO7H,No,No,No,,,,
3dNeNpmyiO,No,No,No,,,,
3aF1Rv3dHG,No,No,No,Yes,,,
3XDDWCu8CF,No,No,No,,,,
3Uu4rZ6hLI,No,No,No,,,,
3RTpKMVg0P,No,No,No,,,,
3RS2T9EPjI,No,No,No,,,,
3QzTzulZwY,No,No,No,,,,
3QibSyz6Qt,No,No,No,No,,,
3Q6LON8y2I,No,No,No,,,,
3OvLxe9n9S,No,No,No,,,,
3Nq9KRcvx5,No,No,No,,,,
3MEV3aIDDq,No,No,No,,,,
3LdaPmAnji,No,No,No,,,,
3LIUMrCKrv,No,No,No,,,,
3JP1Jsng4G,No,No,No,,,,
3JBKnkUACW,No,No,No,,,,
3I1A9xAI8S,No,No,No,,,,
3FNrGv5MKb,No,No,No,,,,
3F1qEXWKFE,No,No,No,No,,,
3ErwybEDgt,No,No,No,,,,
3EcjsgPq74,No,No,No,No,,,
3CIQIYNGlp,No,No,No,,,,
3AxESAk0Re,No,No,No,,,,
38k1q1yyCe,No,No,No,No,,,
377w7agYKC,No,No,No,,,,
33aJCNQV1C,No,No,No,,,,
30kbnyD9hF,No,No,No,,,,
2z9o8bMQNd,No,No,No,,,,
2z4s0W375H,No,No,No,,,,
2wFVkTDGOZ,No,No,No,No,,,
2qKRa94sow,No,No,No,,,,
2prcotJejU,No,No,No,No,,,
2mxzS2Xv2e,No,No,No,,,,
2lI1pVL6aj,No,No,No,,,,
2kSufHoYEi,No,No,No,,,,
2jibzAXJzH,No,No,No,,,,
2hYi3mXxqf,No,No,No,,,,
2c3u5YDUUy,No,No,No,,,,
2bBIY12n43,No,No,No,,,,
2b7aSGxb6M,No,No,No,,,,
2anfut5geh,No,No,No,,,,
2YEY9SPVEA,No,No,No,,,,
2XDbDwNlTn,No,No,No,,,,
2X5RXTOsLU,No,No,No,,,,
2WZ4Wp1OSo,No,No,No,,,,
2UJvVc8gnP,No,No,No,,,,
2U9hDBaOCn,No,No,No,,,,
2TtN6DqjWa,No,No,No,,,,
2Rdfdri2oT,No,No,No,,,,
2O39az85g6,No,No,No,No,,,
2MiTZxLFA9,No,No,No,,,,
2MXXycs2T6,No,No,No,,,,
2MDPYm3FPl,No,No,No,,,,
2KTvN4Edvl,No,No,No,,,,
2IfYI3dkX7,No,No,No,,,,
2FDty4mLqP,No,No,No,,,,
2AF1OrD7Y1,No,No,No,,,,
27HNeESZQF,No,No,No,No,,,
266rF9DyWk,No,No,No,,,,
219K9bcUgC,No,No,No,,,,
1tZxE1WPKz,No,No,No,,,,
1qJgZUAc8j,No,No,No,No,,,
1pxxAJwBXj,No,No,No,,,,
1mGD6ZLTwv,No,No,No,,,,
1kmIDTfQ4N,No,No,No,,,,
1iQMzgmKeD,No,No,No,,,,
1gUUznQgVC,No,No,No,,,,
1faXw8rfeq,No,No,No,,,,
1cKjvlvR7Z,No,No,No,,,,
1Xht3SKAoY,No,No,No,No,,,
1WJoJPXwiG,Yes,No,No,,,,
1VsVZm4DLg,No,No,No,,,,
1UCopEeGz7,No,No,No,,,,
1Sn1dpNaP3,No,No,No,No,,,
1RVUxlrFJZ,No,No,No,No,,,
1PXPP9Gzgc,No,No,No,,,,
1N5Ia3KLX8,No,No,No,,,,
1IRFq6qdke,No,No,No,,,,
1CaBi9kEng,No,No,No,,,,
1BMj6opwbj,No,No,No,Yes,,,
19uudhc1s8,No,No,No,,,,
19sGqVUxQw,No,No,No,,,,
18skb5S2Gv,No,No,No,,,,
16ZOs6YPDT,No,No,Yes,,,,
14WRhMNq7H,No,No,No,,,,
10iYooV68H,No,No,No,,,,
106xRbVC4k,No,No,No,,,,
0u3O7Ju21x,No,No,No,,,,
0tEed0ZiFX,No,No,No,,,,
0sDieI5GJh,No,No,No,,,,
0n92zm014A,No,No,No,,,,
0lE7w8RJDw,No,No,No,,,,
0kseDcA5Nm,No,No,No,,,,
0juZSwZLA4,No,No,No,,,,
0isMLQIUpQ,No,No,No,,,,
0ii51brFyn,No,No,No,,,,
0iRgUfkwp3,No,No,No,,,,
0hyn6MJmnP,No,No,No,,,,
0hTPJBnncc,No,No,No,No,,,
0eWQVWvPgu,No,No,No,,,,
0duz9dhwRc,No,No,No,,,,
0bderX6zwr,No,No,No,No,,,
0b2chPXfVG,No,No,No,,,,
0aiFUPYan3,No,No,No,,,,
0W2aSP6y3x,No,No,No,No,,,
0VQImEvjPJ,No,No,No,,,,
0ULLuIRdcu,No,No,No,,,,
0SIyWZEOmJ,No,No,No,,,,
0SF6Kr1lrx,No,No,No,,,,
0Rdp7a3y2H,No,No,No,,,,
0OtGfwj8eB,No,No,No,,,,
0ODPaEbHxG,No,No,No,,,,
0M2m9GUTLN,No,No,No,,,,
0LXEvcD3dB,No,No,No,,,,
0KYSlQdMu6,No,No,No,No,,,
0JepdeBcDk,No,No,No,,,,
0GO8Dtl8lJ,No,No,No,,,,
0EQ4z8n5rp,No,No,No,,,,
0DyJbE93XO,No,No,No,,,,
0DkaimvWs0,No,No,No,,,,
0C5C70C3n8,No,No,No,No,,,
06oozRd4jU,No,No,No,,,,
05vb8rwGct,No,No,No,,,,
01wSNY5T60,No,No,No,,,,
